,examples,attributes,discrete_ratio,mean_entropy,mean_correlation,mean_skew,mean_kurtosis,outliers,classes,entropy
0,12.028251428162793,3.169925001442312,0.2222222222222222,11.623155964257228,0.9068912989877882,0.6203687756176235,11.033153238707982,93,3,11.290021408913427
