,examples,attributes,discrete_ratio,mean_entropy,mean_correlation,mean_skew,mean_kurtosis,outliers,classes,entropy
0,14.990857387288958,3.9068905956085187,1.0,13.457601923388468,,,,0.18939836000122848,2,12.936821944492381
