,examples,attributes,discrete_ratio,mean_entropy,mean_correlation,mean_skew,mean_kurtosis,outliers,classes,entropy
0,9.430452551665532,3.9068905956085187,0.8,8.503010646724311,0.53177881481176,1.8453595188158296,4.8887573804528595,35,2,8.262094845370179
