,examples,attributes,discrete_ratio,mean_entropy,mean_correlation,mean_skew,mean_kurtosis
0,106,10,0.1,6.240451226913863,0.5643444655353318,2.2860211034694413,10.262761032799016
