,examples,attributes,discrete_ratio,mean_entropy,mean_correlation,mean_skew,mean_kurtosis,outliers,classes,entropy
0,6.727920454563199,3.321928094887362,0.1,6.240451226913863,0.5643444655353318,2.2860211034694413,10.262761032799016,0.07547169811320754,6,6.240451226913863
