,examples,attributes,discrete_ratio,mean_entropy,mean_correlation,mean_skew,mean_kurtosis,outliers,classes,entropy
0,6.643856189774724,3.321928094887362,0.9,5.648332308925678,1.0,0.7756240192915204,0.5821371912518485,0.02,2,3.5849625007211565
