,examples,attributes,discrete_ratio,mean_entropy,mean_correlation,mean_skew,mean_kurtosis,outliers,classes,entropy
0,7.741466986401147,3.321928094887362,0.1,7.379368651605232,0.31350971500655284,1.6525943876046185,9.908544271023821,20,6,7.379368651605232
