,examples,attributes,discrete_ratio,mean_entropy,mean_correlation,mean_skew,mean_kurtosis,outliers,classes,entropy
0,8.076815597050832,3.807354922057604,0.9285714285714286,7.477906853298444,1.0,1.2628932110432118,1.7593165294222333,0.03333333333333333,2,7.991945698364995
