,examples,attributes,discrete_ratio,mean_entropy,mean_correlation,mean_skew,mean_kurtosis
0,270,14,0.9285714285714286,7.477906853298444,1.0,1.2628932110432118,1.7593165294222333
