,examples,attributes,discrete_ratio,mean_entropy,mean_correlation,mean_skew,mean_kurtosis,outliers,classes,entropy
0,8.643856189774725,4.643856189774724,0.52,-inf,0.30705945354481307,1.5950486193374054,34.15400323103548,0.22,2,7.2288186904958796
