,examples,attributes,discrete_ratio,mean_entropy,mean_correlation,mean_skew,mean_kurtosis,outliers,classes,entropy
0,8.409390936137703,4.0,0.125,8.142457644938046,0.4090214862478062,0.6977661925079943,3.165993553692298,0.16176470588235295,30,8.11312822490448
