,examples,attributes,discrete_ratio,mean_entropy,mean_correlation,mean_skew,mean_kurtosis,outliers,classes
0,340,16,0.125,8.142457644938046,0.4090214862478062,0.6977661925079943,3.165993553692298,55,30
