,examples,attributes,discrete_ratio,mean_entropy,mean_correlation,mean_skew,mean_kurtosis,outliers,classes,entropy
0,13.82376527978966,3.321928094887362,1.0,13.00892488553325,,,,0.060137931034482756,7,13.549191889855699
