,examples,attributes,discrete_ratio,mean_entropy,mean_correlation,mean_skew,mean_kurtosis,outliers,classes,entropy
0,4601,58,0.05172413793103448,10.615806939977245,0.07734613498678809,10.875701554373213,220.3676218003665,2379,2,10.824163209744155
