,examples,attributes,discrete_ratio,mean_entropy,mean_correlation,mean_skew,mean_kurtosis,outliers,classes
0,10000,14,0.07142857142857142,11.82177398197057,0.13240866923604247,0.00046026852909292166,-1.1154772751334645,0,2
