,examples,attributes,discrete_ratio,mean_entropy,mean_correlation,mean_skew,mean_kurtosis,outliers,classes,entropy
0,7.076815597050831,4.169925001442312,1.0,3.025389416013526,,,,0.22962962962962963,5,6.4654558916680935
