,examples,attributes,discrete_ratio,mean_entropy,mean_correlation,mean_skew,mean_kurtosis,outliers,classes
0,178,14,0.21428571428571427,7.390912328134359,0.37974643745292075,0.24419796757435253,-0.1608119806812213,8,3
