,examples,attributes,discrete_ratio,mean_entropy,mean_correlation,mean_skew,mean_kurtosis,outliers,classes,entropy
0,7.475733430966398,3.807354922057604,0.21428571428571427,7.390912328134359,0.37974643745292075,0.24419796757435253,-0.1608119806812213,0.056179775280898875,3,7.357308783248584
