,learner,score
0,cart,0.48980308723543614
1,naive,0.34687126658359246
2,neural,0.38539694921168277
